<?xml version="1.0" encoding="UTF-8"?>
<!DOCTYPE mapper PUBLIC "-//mybatis.org//DTD Mapper 3.0//EN" "http://mybatis.org/dtd/mybatis-3-mapper.dtd">
<mapper namespace="com.ohmycar.mapper.BoardMapper">

	<resultMap id="boardResultMap"
		type="com.ohmycar.domain.BoardVO">
		<id property="bno" column="bno" />
		<result property="title" column="title" />
		<result property="content" column="content" />
		<result property="writer" column="writer" />
		<result property="regdate" column="regdate" />
		<result property="updateDate" column="updateDate" />
	</resultMap>

	<select id="getAllPosts" resultMap="boardResultMap">
		select * from tbl_board
	</select>

	<insert id="write" parameterType="com.ohmycar.domain.BoardVO">
		INSERT INTO tbl_board (bno,
		title, content, writer)
		VALUES (seq_board.nextval, #{title},
		#{content}, #{writer})
	</insert>

	<select id="read">
		SELECT * FROM tbl_board WHERE bno = #{bno}
	</select>

	<!-- 게시물 수정 -->
	<update id="update" parameterType="com.ohmycar.domain.BoardVO">
		UPDATE tbl_board
		SET title = #{title}, content = #{content}, updatedate = now()
		WHERE bno = #{bno}
	</update>

	<delete id="delete">
		DELETE FROM tbl_board WHERE bno = #{bno}
	</delete>

	<select id="getListWithPaging"
		resultType="com.ohmycar.domain.BoardVO">
		<![CDATA[
		select bno, title, content, writer, regdate, updatedate from (
		select /*+INDEX_DESC(tbl_board pk_board) */ rownum rn, bno, title, content,
		writer, regdate, updatedate from tbl_board where rownum <= #{pageNum} * #{amount}
		) where rn > #{pageNum - 1} * #{amount}
	]]>
	</select>

	<select id="getBoard" parameterType="long"
		resultType="com.ohmycar.domain.BoardVO">
		SELECT bno, title, content, writer, regdate, updatedate
		FROM tbl_board
		WHERE bno = #{bno}
	</select>

</mapper>
