<?xml version="1.0" encoding="UTF-8"?>
<beans:beans
	xmlns="http://www.springframework.org/schema/mvc"
	xmlns:xsi="http://www.w3.org/2001/XMLSchema-instance"
	xmlns:beans="http://www.springframework.org/schema/beans"
	xmlns:context="http://www.springframework.org/schema/context"
	xsi:schemaLocation="http://www.springframework.org/schema/mvc https://www.springframework.org/schema/mvc/spring-mvc.xsd		http://www.springframework.org/schema/beans https://www.springframework.org/schema/beans/spring-beans.xsd		http://www.springframework.org/schema/context https://www.springframework.org/schema/context/spring-context.xsd">
	<!-- DispatcherServlet Context: defines this servlet's request-processing 
		infrastructure -->
	<!-- Enables the Spring MVC @Controller programming model -->
	<annotation-driven />
	<!-- Handles HTTP GET requests for /resources/** by efficiently serving 
		up static resources in the ${webappRoot}/resources directory -->
	<resources mapping="/resources/**" location="/resources/" />
	<!-- Thymeleaf -->
	<beans:bean id="templateResolver"
		class="org.thymeleaf.templateresolver.ServletContextTemplateResolver">
		<beans:property name="prefix" value="/WEB-INF/views/" />
		<beans:property name="suffix" value=".html" />
		<beans:property name="templateMode" value="HTML" />
		<beans:property name="cacheable" value="true" />
	</beans:bean>
	<beans:bean id="templateEngine"
		class="org.thymeleaf.spring5.SpringTemplateEngine">
		<beans:property name="templateResolver"
			ref="templateResolver" />
		<beans:property name="additionalDialects">
			<beans:set>
				<beans:bean class="nz.net.ultraq.thymeleaf.LayoutDialect" />
			</beans:set>
		</beans:property>
	</beans:bean>
	<beans:bean
		class="org.thymeleaf.spring5.view.ThymeleafViewResolver">
		<beans:property name="templateEngine"
			ref="templateEngine" />
		<beans:property name="characterEncoding" value="UTF-8" />
		<beans:property name="viewNames" value="consumable/*" />
	</beans:bean>
	<beans:bean
		class="org.thymeleaf.spring5.view.ThymeleafViewResolver">
		<beans:property name="templateEngine"
			ref="templateEngine" />
		<beans:property name="characterEncoding" value="UTF-8" />
		<beans:property name="viewNames" value="carFacts/*" />
	</beans:bean>
	<beans:bean
		class="org.springframework.web.servlet.view.InternalResourceViewResolver">
		<beans:property name="viewClass"
			value="org.springframework.web.servlet.view.JstlView" />
		<beans:property name="prefix" value="/WEB-INF/views/" />
		<beans:property name="suffix" value=".jsp" />
	</beans:bean>
	<context:component-scan
		base-package="com.ohmycar.controller" />
</beans:beans>

